"filename","title","feature","role"
"./metadata.md","","",""
"./help/search-social-commerce/toc.md","","","User"
"help/search-social-commerce/home.md","What's new","",""
"help/search-social-commerce/help-about.md","About this guide","",""
"./help/search-social-commerce/introduction/about.md","About Adobe Advertising Search, Social, & Commerce","",""
"./help/search-social-commerce/introduction/supported-inventory.md","Supported inventory","",""
"./help/search-social-commerce/introduction/integrations.md","Integration with Adobe Experience Cloud solutions and services","",""
"./help/search-social-commerce/getting-started/implemention-overview.md","Overview of implementing Search, Social, & Commerce","",""
"./help/search-social-commerce/getting-started/system-requirements.md","System requirements","",""
"./help/search-social-commerce/getting-started/log-in.md","Log in","",""
"./help/search-social-commerce/getting-started/user-interface.md","How the user interface is organized","",""
"./help/search-social-commerce/getting-started/log-out.md","Log out","",""
"./help/search-social-commerce/common-tasks/change-advertiser.md","View data for another advertiser","",""
"./help/search-social-commerce/common-tasks/settings-edit-within-row.md","Edit settings directly within a row","",""
"./help/search-social-commerce/common-tasks/data-views/data-views-about.md","About customizing data in campaign management views","",""
"./help/search-social-commerce/common-tasks/data-views/custom-default-views-manage.md","Manage default and custom views","",""
"./help/search-social-commerce/common-tasks/data-views/ad-hoc-settings/column-set-edit-column-heading.md","Edit the column set from the column heading menu","",""
"./help/search-social-commerce/common-tasks/data-views/ad-hoc-settings/column-set-edit-sort-icon.md","Edit and sort the column set from the [!UICONTROL Custom Columns] icon","",""
"./help/search-social-commerce/common-tasks/data-views/ad-hoc-settings/column-set-edit-lock-unlock.md","Lock and unlock a column configuration","",""
"./help/search-social-commerce/common-tasks/data-views/ad-hoc-settings/column-sort.md","Re-sort a column","",""
"./help/search-social-commerce/common-tasks/data-views/ad-hoc-settings/date-filter.md","Filter data by date range","",""
"./help/search-social-commerce/common-tasks/data-views/ad-hoc-settings/filter-using-left-panel.md","Filter data using the left navigation panel","",""
"./help/search-social-commerce/common-tasks/data-views/ad-hoc-settings/column-filter-apply-from-column-heading.md","Apply data filters from a column heading menu","",""
"./help/search-social-commerce/common-tasks/data-views/ad-hoc-settings/column-filter-apply-from-toolbar.md","Apply data filters from the toolbar","",""
"./help/search-social-commerce/common-tasks/data-views/ad-hoc-settings/column-filter-edit.md","Edit column filters","",""
"./help/search-social-commerce/common-tasks/data-views/ad-hoc-settings/column-filter-remove.md","Remove a column filter","",""
"./help/search-social-commerce/common-tasks/custom-metrics/custom-metric-about.md","About custom metrics","",""
"./help/search-social-commerce/common-tasks/custom-metrics/custom-metric-create.md","Create a custom metric","",""
"./help/search-social-commerce/common-tasks/custom-metrics/custom-metric-edit.md","Edit a custom metric","",""
"./help/search-social-commerce/common-tasks/custom-metrics/custom-metric-delete.md","Delete a custom metric","",""
"./help/search-social-commerce/common-tasks/custom-metrics/custom-metric-settings.md","Custom metric settings","",""
"./help/search-social-commerce/common-tasks/navigation-editing-selection/multiple-rows-select.md","Select multiple rows","",""
"./help/search-social-commerce/common-tasks/navigation-editing-selection/calendar.md","Specify a date using the calendar","",""
"./help/search-social-commerce/common-tasks/navigation-editing-selection/trend-chard-show-hide.md","Show and hide a trend chart","",""
"./help/search-social-commerce/common-tasks/navigation-editing-selection/refresh.md","Select multiple rows","",""
"./help/search-social-commerce/common-tasks/navigation-editing-selection/download.md","Download data from a campaign management view","",""
"./help/search-social-commerce/common-tasks/navigation-editing-selection/download-delete-data.md","Delete a performance data report or bulksheet file from the [!UICONTROL Downloads] menu","",""
"./help/search-social-commerce/tracking/tracking-about.md","About tracking for Search, Social, & Commerce","",""
"./help/search-social-commerce/tracking/click-tracking-set-up.md","Set up cookie-based click tracking","",""
"./help/search-social-commerce/tracking/click-tracking-ways-to-generate.md","When and how to generate click-tracking URLs by ad network and object","",""
"./help/search-social-commerce/tracking/formats-click-tracking-about.md","About click-tracking URL formats for the Adobe Advertising conversion tracking service","",""
"./help/search-social-commerce/tracking/formats-click-tracking-baidu.md","Click-tracking formats for [!DNL Baidu]","",""
"./help/search-social-commerce/tracking/formats-click-tracking-google.md","Click-tracking formats for [!DNL Google Ads]","",""
"./help/search-social-commerce/tracking/formats-click-tracking-microsoft.md","Click-tracking formats for [!DNL Microsoft Advertising]","",""
"./help/search-social-commerce/tracking/formats-click-tracking-naver.md","Click-tracking formats for [!DNL Naver]","",""
"./help/search-social-commerce/tracking/formats-click-tracking-yahoo-display-network.md","Click-tracking formats for [!DNL Yahoo! Display Network]","",""
"./help/search-social-commerce/tracking/formats-click-tracking-yahoo-japan.md","Click-tracking formats for [!DNL Yahoo! Japan Ads]","",""
"./help/search-social-commerce/tracking/formats-click-tracking-yandex.md","Click-tracking formats for [!DNL Yandex]","",""
"./help/search-social-commerce/tracking/click-tracking-urls-optional-parameters.md","Optional tracking parameters for click-tracking URLs","",""
"./help/search-social-commerce/tracking/skwcid-tracking-parameter.md","The s_kwcid tracking parameter","",""
"./help/search-social-commerce/tracking/conversion-tracking-about.md","Conversion tracking options for Search, Social, & Commerce","",""
"./help/search-social-commerce/tracking/conversion-tracking-advertising.md","About Adobe Advertising conversion-tracking tags","",""
"./help/search-social-commerce/tracking/format-conversion-tag-jsv3.md","Format of JavaScript conversion tracking tags version 3","",""
"./help/search-social-commerce/tracking/format-conversion-tag-jsv2.md","Format of JavaScript conversion tracking tags version 2","",""
"./help/search-social-commerce/tracking/format-conversion-tag-image.md","Format of image conversion tracking tags","",""
"./help/search-social-commerce/tracking/itp-conversion-mapping-tag.md","The Adobe Advertising conversion mapping tag","",""
"./help/search-social-commerce/tracking/faqs-conversion-page-view-tracking-tags.md","FAQs about Adobe Advertising conversion and page view tracking tags","",""
"./help/search-social-commerce/tracking/conversion-tracking-analytics.md","Adobe Analytics conversion tracking","",""
"./help/search-social-commerce/tracking/feed-efid.md","Conversion tracking using an EF ID feed","",""
"./help/search-social-commerce/tracking/feed-ef-id-data-requirements.md","Data requirements for data feeds using EF IDs","",""
"./help/search-social-commerce/tracking/feed-transaction-id.md","Conversion tracking using a transaction ID feed","",""
"./help/search-social-commerce/tracking/feed-transaction-id-data-requirements.md","Data requirements for data feeds using a transaction ID","",""
"./help/search-social-commerce/tracking/feed-file-requirements.md","File requirements for conversion feed files","",""
"./help/search-social-commerce/tracking/faqs-tracking.md","FAQs about tracking","",""
"./help/search-social-commerce/campaign-management/introduction/campaign-management-about.md","About campaign management in Search, Social, & Commerce","",""
"./help/search-social-commerce/campaign-management/introduction/campaign-implemention-overview.md","Overview of implementing ad network accounts and campaigns","",""
"./help/search-social-commerce/campaign-management/introduction/monitor-performance-campaigns.md","Monitor and manage the performance of your campaigns","",""
"./help/search-social-commerce/campaign-management/introduction/google-conversion-data.md","'[!DNL Google Ads] conversion data'","",""
"./help/search-social-commerce/campaign-management/introduction/microsoft-conversion-data.md","'[!DNL Microsoft Advertising] conversion data'","",""
"./help/search-social-commerce/campaign-management/accounts/ad-network-account-about.md","About ad network accounts","",""
"./help/search-social-commerce/campaign-management/accounts/ad-network-account-manage.md","Manage ad network accounts","",""
"./help/search-social-commerce/campaign-management/accounts/update-skwcid-google.md","Update the s kwcid tracking code for a [!DNL Google Ads] account","",""
"./help/search-social-commerce/campaign-management/accounts/merchant-account-manage.md","Manage merchant accounts","",""
"./help/search-social-commerce/campaign-management/naver-tracking-only-account-implement.md","Implement [!DNL Naver] tracking-only accounts","",""
"./help/search-social-commerce/campaign-management/campaigns/campaign-management-options.md","Options for managing ad network campaigns","",""
"./help/search-social-commerce/campaign-management/campaigns/copy-paste.md","Create and edit campaign data in bulk using copy and paste","",""
"./help/search-social-commerce/campaign-management/campaigns/campaign-manage.md","Manage campaigns","",""
"./help/search-social-commerce/campaign-management/campaigns/campaign-settings-baidu.md","'[!DNL Baidu] campaign settings'","",""
"./help/search-social-commerce/campaign-management/campaigns/campaign-settings-google.md","'[!DNL Google Ads] campaign settings'","",""
"./help/search-social-commerce/campaign-management/campaigns/campaign-settings-microsoft.md","'[!DNL Microsoft Advertising] campaign settings'","",""
"./help/search-social-commerce/campaign-management/campaigns/campaign-settings-yahoo-japan.md","'[!DNL Yahoo! Japan Ads] campaign settings'","",""
"./help/search-social-commerce/campaign-management/campaigns/campaign-settings-yandex.md","'[!DNL Yandex] campaign settings'","",""
"./help/search-social-commerce/campaign-management/campaigns/ad-group-manage.md","Manage ad groups","",""
"./help/search-social-commerce/campaign-management/campaigns/ad-group-settings-baidu.md","'[!DNL Baidu] ad group settings'","",""
"./help/search-social-commerce/campaign-management/campaigns/ad-group-settings-google.md","'[!DNL Google Ads] ad group settings'","",""
"./help/search-social-commerce/campaign-management/campaigns/ad-group-settings-microsoft.md","'[!DNL Microsoft Advertising] ad group settings'","",""
"./help/search-social-commerce/campaign-management/campaigns/ad-group-settings-yahoo-japan.md","'[!DNL Yahoo! Japan Ads] ad group settings'","",""
"./help/search-social-commerce/campaign-management/campaigns/ad-group-settings-yandex.md","'[!DNL Yandex] ad group settings'","",""
"./help/search-social-commerce/campaign-management/campaigns/keyword-about.md","About keywords","",""
"./help/search-social-commerce/campaign-management/campaigns/keyword-manage.md","Manage biddable keywords","",""
"./help/search-social-commerce/campaign-management/campaigns/keyword-negative-create.md","Create negative keywords","",""
"./help/search-social-commerce/campaign-management/campaigns/keyword-status-edit.md","Change the status of keywords and negative keywords","",""
"./help/search-social-commerce/campaign-management/campaigns/keyword-settings-baidu.md","'[!DNL Baidu] keyword settings'","",""
"./help/search-social-commerce/campaign-management/campaigns/keyword-settings-google.md","'[!DNL Google Ads] keyword settings'","",""
"./help/search-social-commerce/campaign-management/campaigns/keyword-settings-microsoft.md","'[!DNL Microsoft Advertising] keyword settings'","",""
"./help/search-social-commerce/campaign-management/campaigns/keyword-settings-yahoo-japan.md","'[!DNL Yahoo! Japan Ads] keyword settings'","",""
"./help/search-social-commerce/campaign-management/campaigns/keyword-settings-yandex.md","'[!DNL Yandex] keyword settings'","",""
"./help/search-social-commerce/campaign-management/campaigns/ad-about.md","Manage ads","",""
"./help/search-social-commerce/campaign-management/campaigns/ad-manage.md","Manage ads","",""
"./help/search-social-commerce/campaign-management/campaigns/ad-settings-baidu-text.md","'[!DNL Baidu] text ad settings'","",""
"./help/search-social-commerce/campaign-management/campaigns/ad-settings-google-call.md","'[!DNL Google Ads] call-only ad settings'","",""
"./help/search-social-commerce/campaign-management/campaigns/ad-settings-google-dsa.md","'[!DNL Google Ads] expanded dynamic search ad settings'","",""
"./help/search-social-commerce/campaign-management/campaigns/ad-settings-google-rsa.md","'[!DNL Google Ads] responsive search ad settings'","",""
"./help/search-social-commerce/campaign-management/campaigns/ad-settings-microsoft-dsa.md","'[!DNL Microsoft® Advertising] expanded dynamic search ad settings'","",""
"./help/search-social-commerce/campaign-management/campaigns/ad-settings-microsoft-multimedia.md","'[!DNL Microsoft® Advertising] multimedia ad settings'","",""
"./help/search-social-commerce/campaign-management/campaigns/ad-settings-microsoft-product.md","'[!DNL Microsoft® Advertising] product ad settings'","",""
"./help/search-social-commerce/campaign-management/campaigns/ad-settings-microsoft-responsive.md","'[!DNL Microsoft® Advertising] responsive ad settings'","",""
"./help/search-social-commerce/campaign-management/campaigns/ad-settings-microsoft-rsa.md","'[!DNL Microsoft® Advertising] responsive search ad settings'","",""
"./help/search-social-commerce/campaign-management/campaigns/ad-settings-yandex-text.md","'[!DNL Yandex] text ad settings'","",""
"./help/search-social-commerce/campaign-management/campaigns/product-group-about.md","About shopping product groups","",""
"./help/search-social-commerce/campaign-management/campaigns/product-group-manage.md","Manage shopping product groups","",""
"./help/search-social-commerce/campaign-management/campaigns/product-group-settings-google.md","'[!DNL Google Ads] product group settings'","",""
"./help/search-social-commerce/campaign-management/campaigns/product-group-settings-microsoft.md","'[!DNL Microsoft® Advertising] product group settings'","",""
"./help/search-social-commerce/campaign-management/campaigns/shopping-campaign-product-filters.md","Shopping campaign product filters","",""
"./help/search-social-commerce/campaign-management/campaigns/placement-about.md","About [!DNL Google Ads] placements","",""
"./help/search-social-commerce/campaign-management/campaigns/placement-manage.md","Manage [!DNL Google Ads] placements","",""
"./help/search-social-commerce/campaign-management/campaigns/placement-negative-create.md","Create negative placements","",""
"./help/search-social-commerce/campaign-management/campaigns/placement-status-edit.md","Change the status of placements and negative placements","",""
"./help/search-social-commerce/campaign-management/campaigns/dynamic-search-target-about.md","About [!DNL Google Ads] dynamic search targets","",""
"./help/search-social-commerce/campaign-management/campaigns/dynamic-search-target-manage.md","Manage [!DNL Google Ads] dynamic search targets","",""
"./help/search-social-commerce/campaign-management/campaigns/audience-about.md","About audiences","",""
"./help/search-social-commerce/campaign-management/campaigns/google-audience-from-adobe-audience.md","Create [!DNL Google Ads] customer match audiences from [!DNL Adobe] audiences","",""
"./help/search-social-commerce/campaign-management/campaigns/google-audience-from-campaign-email-list.md","Create a [!DNL Google Ads] customer match audience from an Adobe Campaign email list","",""
"./help/search-social-commerce/campaign-management/campaigns/audience-from-customer-data-list.md","Manage customer match audiences using customer data lists","",""
"./help/search-social-commerce/campaign-management/campaigns/audience-dynamic-remarketing-manage.md","Manage [!DNL Microsoft Advertising] dynamic remarketing audiences","",""
"./help/search-social-commerce/campaign-management/campaigns/audience-targets-manage.md","Manage audience targets for campaigns and ad groups","",""
"./help/search-social-commerce/campaign-management/campaigns/audience-exclusions-manage.md","Manage audience exclusions for campaigns and ad groups","",""
"./help/search-social-commerce/campaign-management/campaigns/callout-extension-about.md","About [!DNL Google Ads] callout extensions","",""
"./help/search-social-commerce/campaign-management/campaigns/callout-extension-manage.md","Manage [!DNL Google Ads] callout extensions","",""
"./help/search-social-commerce/campaign-management/campaigns/callout-extension-associate.md","Associate [!DNL Google Ads] shared callout extensions with campaigns or ad groups","",""
"./help/search-social-commerce/campaign-management/campaigns/location-extension-manage.md","Manage [!DNL Google Ads] location extensions","",""
"./help/search-social-commerce/campaign-management/campaigns/sitelink-extension-about.md","About sitelink extensions","",""
"./help/search-social-commerce/campaign-management/campaigns/sitelink-extension-manage.md","Manage shared sitelinks","",""
"./help/search-social-commerce/campaign-management/campaigns/sitelink-extension-associate.md","Associate shared sitelinks with accounts, campaigns, and ad groups","",""
"./help/search-social-commerce/campaign-management/campaigns/ad-extension-association-delete.md","Delete ad extension associations with campaigns and ad groups","",""
"./help/search-social-commerce/campaign-management/bulksheets/bulksheet-about.md","About managing campaign data using bulksheets","",""
"./help/search-social-commerce/campaign-management/bulksheets/bulksheet-ftp-account.md","Set up an FTP account for uploading bulksheets","",""
"./help/search-social-commerce/campaign-management/bulksheets/bulksheet-download.md","Download/Create a bulksheet file","",""
"./help/search-social-commerce/campaign-management/bulksheets/bulksheet-validate-landing-pages.md","Validate landing pages in bulksheet files","",""
"./help/search-social-commerce/campaign-management/bulksheets/bulksheet-export.md","Export a generated or uploaded bulksheet file","",""
"./help/search-social-commerce/campaign-management/bulksheets/bulksheet-upload.md","Upload a bulksheet or corrected error file","",""
"./help/search-social-commerce/campaign-management/bulksheets/bulksheet-post.md","Post bulksheets or corrected error files","",""
"./help/search-social-commerce/campaign-management/bulksheets/bulksheet-errors.md","Bulksheet errors","",""
"./help/search-social-commerce/campaign-management/bulksheets/bulksheet-delete.md","Delete uploaded bulksheets and error files","",""
"./help/search-social-commerce/campaign-management/bulksheets/bulksheet-stop-job.md","Stop a bulksheet job in progress","",""
"./help/search-social-commerce/campaign-management/bulksheets/bulksheet-data-formats/bulksheet-file-formats.md","Supported bulksheet file formats","",""
"./help/search-social-commerce/campaign-management/bulksheets/bulksheet-data-formats/bulksheet-operations.md","Operations you can perform in bulksheets","",""
"./help/search-social-commerce/campaign-management/bulksheets/bulksheet-data-formats/bulksheet-data-baidu.md","Required bulksheet data for [!DNL Baidu] accounts","",""
"./help/search-social-commerce/campaign-management/bulksheets/bulksheet-data-formats/bulksheet-data-google.md","Required bulksheet data for [!DNL Google Ads] accounts","",""
"./help/search-social-commerce/campaign-management/bulksheets/bulksheet-data-formats/bulksheet-data-microsoft.md","Required bulksheet data for [!DNL Microsoft Advertising] accounts","",""
"./help/search-social-commerce/campaign-management/bulksheets/bulksheet-data-formats/bulksheet-data-naver.md","Required bulksheet data for [!DNL Naver] accounts","",""
"./help/search-social-commerce/campaign-management/bulksheets/bulksheet-data-formats/bulksheet-data-yahoo-display-network.md","Bulksheet data for [!DNL Yahoo! Display Network] accounts","",""
"./help/search-social-commerce/campaign-management/bulksheets/bulksheet-data-formats/bulksheet-data-yahoo-japan.md","Bulksheet data for [!DNL Yahoo! Japan] accounts","",""
"./help/search-social-commerce/campaign-management/bulksheets/bulksheet-data-formats/bulksheet-data-yandex.md","Required bulksheet data for [!DNL Yandex] accounts","",""
"./help/search-social-commerce/campaign-management/inventory-feeds/inventory-feeds-about.md","About automating ad management using inventory feeds","",""
"./help/search-social-commerce/campaign-management/inventory-feeds/when-are-components-created-deleted.md","When are account components created or deleted by inventory feeds?","",""
"./help/search-social-commerce/campaign-management/inventory-feeds/feed-settings-manage.md","Configure feed data settings","",""
"./help/search-social-commerce/campaign-management/inventory-feeds/feed-files-manage.md","Manage inventory data feed files","",""
"./help/search-social-commerce/campaign-management/inventory-feeds/modifiers-manage.md","Manage modifiers","",""
"./help/search-social-commerce/campaign-management/inventory-feeds/ad-templates/ad-template-manage.md","Manage ad templates for inventory feeds","",""
"./help/search-social-commerce/campaign-management/inventory-feeds/ad-templates/template-text-rsa.md","Text ad and responsive search ad template settings for inventory feeds","",""
"./help/search-social-commerce/campaign-management/inventory-feeds/ad-templates/template-google-shopping.md","'[!DNL Google Ads] shopping ad template settings for inventory feeds'","",""
"./help/search-social-commerce/campaign-management/inventory-feeds/ad-templates/template-microsoft-shopping.md","'[!DNL Microsoft® Ads] shopping ad template settings for inventory feeds'","",""
"./help/search-social-commerce/campaign-management/inventory-feeds/feed-data-propagate.md","Propagate inventory feed data through templates","",""
"./help/search-social-commerce/campaign-management/inventory-feeds/propagated-data-view.md","View data generated from feeds","",""
"./help/search-social-commerce/campaign-management/inventory-feeds/propagated-data-edit.md","Edit data generated from feeds","",""
"./help/search-social-commerce/campaign-management/inventory-feeds/propagated-data-post.md","Post campaign data generated from feeds to ad networks","",""
"./help/search-social-commerce/campaign-management/inventory-feeds/stop-job.md","Stop a posting job for inventory feed data","",""
"./help/search-social-commerce/campaign-management/inventory-feeds/propagated-data-status.md","Statuses of data generated from feeds","",""
"./help/search-social-commerce/campaign-management/special-campaign-types/google-dynamic-search-ads.md","Implement [!DNL Google Ads] dynamic search ads","",""
"./help/search-social-commerce/campaign-management/special-campaign-types/google-performance-max-campaigns.md","Implement [!DNL Google Ads] performance max campaigns","",""
"./help/search-social-commerce/campaign-management/special-campaign-types/google-shopping-campaigns.md","Implement [!DNL Google Ads] shopping campaigns","",""
"./help/search-social-commerce/campaign-management/special-campaign-types/microsoft-shopping-campaigns.md","Implement [!DNL Microsoft® Advertising] shopping campaigns","",""
"./help/search-social-commerce/campaign-management/campaigns/sync-network.md","Manually synchronize ad network data","",""
"./help/search-social-commerce/campaign-management/campaign-assign-to-portfolio.md","Assign campaigns to a portfolio","",""
"./help/search-social-commerce/campaign-management/campaign-remove-from-portfolio.md","Remove campaigns from a portfolio","",""
"./help/search-social-commerce/campaign-management/label-classifications/classification-about.md","About label classifications","",""
"./help/search-social-commerce/campaign-management/label-classifications/classification-create.md","Create a label classification","",""
"./help/search-social-commerce/campaign-management/label-classifications/classification-values-assign-campaign-management.md","Assign classification values to account components from campaign management views","",""
"./help/search-social-commerce/campaign-management/label-classifications/classification-values-assign-bulksheets.md","Assign classification values to account components using bulksheets","",""
"./help/search-social-commerce/campaign-management/label-classifications/classification-values-remove.md","Remove label classification values from account components","",""
"./help/search-social-commerce/campaign-management/label-classifications/classification-values-delete.md","Delete label classification values","",""
"./help/search-social-commerce/campaign-management/label-classifications/classification-delete.md","Delete label classifications","",""
"./help/search-social-commerce/campaign-management/asset-library/asset-library-about.md","""About the [!UICONTROL Asset Library]""","",""
"./help/search-social-commerce/campaign-management/asset-library/asset-create.md","Create and upload assets","",""
"./help/search-social-commerce/campaign-management/best-practices/best-practices-analyze.md","Analyze reports to refine your keywords and campaign settings","",""
"./help/search-social-commerce/campaign-management/best-practices/best-practices-write.md","Write effective text ad copy","",""
"./help/search-social-commerce/campaign-management/best-practices/best-practices-optimize.md","Optimize the website landing pages","",""
"./help/search-social-commerce/campaign-management/max-objects-per-ad-network.md","Maximum number of objects per ad network account","",""
"./help/search-social-commerce/campaign-management/faqs-campaigns.md","FAQs about campaigns","",""
"./help/search-social-commerce/advertising-insights/insight-about.md","About [!UICONTROL Advertising Insights]","",""
"./help/search-social-commerce/advertising-insights/insight-generate.md","Generate an [!DNL Advertising Insight]","",""
"./help/search-social-commerce/advertising-insights/insight-view-save.md","View or save an [!DNL Advertising Insight]","",""
"./help/search-social-commerce/advertising-insights/insight-delete.md","Delete an [!DNL Advertising Insight]","",""
"./help/search-social-commerce/reports/report-about.md","About reports","",""
"./help/search-social-commerce/reports/initial-setup.md","The initial setup tasks for reports","",""
"./help/search-social-commerce/reports/data-used-for-reports.md","The data used for reports","",""
"./help/search-social-commerce/reports/management/basic-advanced/basic-advanced-report-about.md","About basic reports and advanced reports","",""
"./help/search-social-commerce/reports/management/basic-advanced/ad-group-report.md","'[!UICONTROL Ad Group Report]'","",""
"./help/search-social-commerce/reports/management/basic-advanced/ad-variation-report.md","'[!UICONTROL Ad Variation Report]'","",""
"./help/search-social-commerce/reports/management/basic-advanced/campaign-report.md","'[!UICONTROL Campaign Report]'","",""
"./help/search-social-commerce/reports/management/basic-advanced/campaign-hourly-report.md","'[!UICONTROL Campaign Hourly Report]'","",""
"./help/search-social-commerce/reports/management/basic-advanced/constraint-report.md","'[!UICONTROL Constraint Report]'","",""
"./help/search-social-commerce/reports/management/basic-advanced/keyword-report.md","'[!UICONTROL Keyword Report]'","",""
"./help/search-social-commerce/reports/management/basic-advanced/label-classification-report.md","'[!UICONTROL Label Classification Report]'","",""
"./help/search-social-commerce/reports/management/basic-advanced/label-value-report.md","'[!UICONTROL Label Value Report]'","",""
"./help/search-social-commerce/reports/management/basic-advanced/network-constraint-report.md","'[!UICONTROL Network Constraint Report]'","",""
"./help/search-social-commerce/reports/management/basic-advanced/portfolio-report.md","'[!UICONTROL Portfolio Report]'","",""
"./help/search-social-commerce/reports/management/basic-advanced/product-group-report.md","'[!UICONTROL Product Group Report]'","",""
"./help/search-social-commerce/reports/management/basic-advanced/search-engine-account-report.md","'[!UICONTROL Search Engine Account Report]'","",""
"./help/search-social-commerce/reports/management/basic-advanced/search-engine-report.md","'[!UICONTROL Search Engine Report]'","",""
"./help/search-social-commerce/reports/management/basic-advanced/domain-referral-report.md","'[!UICONTROL Domain Referral Report]'","",""
"./help/search-social-commerce/reports/management/basic-advanced/geo-distribution-report.md","'[!UICONTROL Geo Distribution Report]'","",""
"./help/search-social-commerce/reports/management/basic-advanced/transaction-report.md","'[!UICONTROL Transaction Report]'","",""
"./help/search-social-commerce/reports/management/basic-advanced/basic-advanced-report-generate.md","Generate a basic report or advanced report","",""
"./help/search-social-commerce/reports/management/basic-advanced/basic-advanced-report-settings.md","Basic and advanced report settings","",""
"./help/search-social-commerce/reports/management/basic-advanced/basic-advanced-report-columns.md","Report columns for basic and advanced reports","",""
"./help/search-social-commerce/reports/management/assist/assist-report-about.md","About assist reports","",""
"./help/search-social-commerce/reports/management/assist/channel-assist-report.md","'[!UICONTROL Channel Assist Report]'","",""
"./help/search-social-commerce/reports/management/assist/campaign-assist-report.md","'[!UICONTROL Campaign Assist Report]'","",""
"./help/search-social-commerce/reports/management/assist/keyword-assist-report.md","'[!UICONTROL Keyword Assist Report]'","",""
"./help/search-social-commerce/reports/management/assist/assist-report-generate.md","Generate an assist report","",""
"./help/search-social-commerce/reports/management/assist/assist-report-settings.md","Assist report settings","",""
"./help/search-social-commerce/reports/management/specialty/specialty-report-about.md","About specialty reports","",""
"./help/search-social-commerce/reports/management/specialty/adwords-bing-audience-target-report.md","'[!UICONTROL AdWords and Bing Audience Target Report]'","",""
"./help/search-social-commerce/reports/management/specialty/adwords-conversion-report.md","'[!UICONTROL AdWords Conversion Report]'","",""
"./help/search-social-commerce/reports/management/specialty/adwords-geo-report.md","'[!UICONTROL AdWords Geo Report]'","",""
"./help/search-social-commerce/reports/management/specialty/adwords-search-query-report.md","'[!UICONTROL AdWords Search Query Report]'","",""
"./help/search-social-commerce/reports/management/specialty/adwords-shopping-performance-report.md","'[!UICONTROL AdWords Shopping Performance Report]'","",""
"./help/search-social-commerce/reports/management/specialty/bing-ads-geo-report.md","'[!UICONTROL Bing Ads Geo Report]'","",""
"./help/search-social-commerce/reports/management/specialty/bing-ads-search-query-report.md","'[!UICONTROL Bing Ads Search Query Report]'","",""
"./help/search-social-commerce/reports/management/specialty/campaign-daily-impression-share-report.md","'[!UICONTROL Campaign Daily Impression Share Report]'","",""
"./help/search-social-commerce/reports/management/specialty/keyword-daily-impression-share-report.md","'[!UICONTROL Keyword Daily Impression Share Report]'","",""
"./help/search-social-commerce/reports/management/specialty/rsa-asset-report.md","'[!UICONTROL RSA Asset Report]'","",""
"./help/search-social-commerce/reports/management/specialty/msa-ad-extension-detail-report.md","""[!UICONTROL MSA Ad Extension Detail Report]""","",""
"./help/search-social-commerce/reports/management/specialty/msa-ad-extension-by-keyword-report.md","""[!UICONTROL MSA Ad Extension by Keyword Report]""","",""
"./help/search-social-commerce/reports/management/specialty/msa-ad-extension-by-ad-report.md","""[!UICONTROL MSA Ad Extension by Ad Report]""","",""
"./help/search-social-commerce/reports/management/specialty/specialty-report-generate.md","Generate a specialty report","",""
"./help/search-social-commerce/reports/management/specialty/specialty-report-settings.md","Specialty report settings","",""
"./help/search-social-commerce/reports/management/specialty/specialty-report-columns.md","Report columns for specialty reports","",""
"./help/search-social-commerce/reports/management/model-accuracy/model-accuracy-report-about.md","About model accuracy reports","",""
"./help/search-social-commerce/reports/management/model-accuracy/forecast-accuracy-report.md","'[!UICONTROL Forecast Accuracy Report]'","",""
"./help/search-social-commerce/reports/management/model-accuracy/forecast-accuracy-actuals-report.md","'[!UICONTROL Forecast Accuracy (Actuals) Report]'","",""
"./help/search-social-commerce/reports/management/model-accuracy/model-accuracy-report-generate.md","Generate a model accuracy report","",""
"./help/search-social-commerce/reports/management/model-accuracy/model-accuracy-report-settings.md","Model accuracy report settings","",""
"./help/search-social-commerce/reports/management/report-generate-from-existing.md","Generate a report from an existing report","",""
"./help/search-social-commerce/reports/management/report-generate-from-template.md","Generate a report from a template","",""
"./help/search-social-commerce/reports/management/report-delete.md","Delete reports","",""
"./help/search-social-commerce/reports/management/report-view-save.md","View or save a report","",""
"./help/search-social-commerce/reports/automation/templates/template-about.md","About report templates","",""
"./help/search-social-commerce/reports/automation/templates/template-view.md","View a report template","",""
"./help/search-social-commerce/reports/automation/templates/template-create.md","Create a report template","",""
"./help/search-social-commerce/reports/automation/templates/template-edit.md","Edit a report template","",""
"./help/search-social-commerce/reports/automation/templates/template-delete.md","Delete a report template","",""
"./help/search-social-commerce/reports/automation/spreadsheet-feeds/spreadsheet-feed-about.md","About spreadsheet report feeds","",""
"./help/search-social-commerce/reports/automation/spreadsheet-feeds/spreadsheet-feed-create-excel-template.md","Create an [!DNL Excel] template for a spreadsheet report feed","",""
"./help/search-social-commerce/reports/automation/spreadsheet-feeds/spreadsheet-feed-create.md","Create a spreadsheet report feed","",""
"./help/search-social-commerce/reports/automation/spreadsheet-feeds/spreadsheet-feed-edit.md","Edit spreadsheet report feed settings","",""
"./help/search-social-commerce/reports/automation/spreadsheet-feeds/spreadsheet-feed-refresh.md","Manually refresh spreadsheet report feeds","",""
"./help/search-social-commerce/reports/automation/spreadsheet-feeds/spreadsheet-feed-view-or-save.md","View or save a spreadsheet report feed file","",""
"./help/search-social-commerce/reports/automation/spreadsheet-feeds/spreadsheet-feed-delete.md","Delete spreadsheet report feeds","",""
"./help/search-social-commerce/reports/automation/spreadsheet-feeds/spreadsheet-feed-settings.md","Spreadsheet report feed settings","",""
"./help/search-social-commerce/reports/automation/ftp-reports.md","FTP access to reports","",""
"./help/search-social-commerce/reports/attribution-rules.md","How attribution rules are calculated","",""
"./help/search-social-commerce/reports/faqs-report.md","FAQs About Custom Reports","",""
"./help/search-social-commerce/notifications/notification-about.md","About notifications","",""
"./help/search-social-commerce/notifications/notification-view.md","View your notifications","",""
"./help/search-social-commerce/notifications/notification-mark-read-unread.md","Mark a notification as read or unread","",""
"./help/search-social-commerce/notifications/notification-delete.md","Delete a notification","",""
"./help/search-social-commerce/notifications/notification-edit.md","Edit your notification settings","",""
"./help/search-social-commerce/notifications/notifications-push-enable-disable.md","Enable and disable push notifications from [!UICONTROL Notification Center]","",""
"./help/search-social-commerce/notifications/notification-app-install-uninstall.md","Install and uninstall the [!UICONTROL Notification Center] web application","",""
"./help/search-social-commerce/alerts/alert-about.md","About custom alerts","",""
"./help/search-social-commerce/alerts/alert-template-create.md","Create a custom alert template","",""
"./help/search-social-commerce/alerts/alert-template-edit.md","Edit a custom alert template","",""
"./help/search-social-commerce/alerts/alert-template-pause.md","Pause a custom alert template","",""
"./help/search-social-commerce/alerts/alert-template-activate.md","Activate a custom alert template","",""
"./help/search-social-commerce/alerts/alert-template-delete.md","Delete a custom alert template","",""
"./help/search-social-commerce/alerts/alert-template-settings.md","Custom alert template settings","",""
"./help/search-social-commerce/alerts/alert-view.md","View custom alert","",""
"./help/search-social-commerce/alerts/alert-export-data.md","Export data for custom alerts","",""
"./help/search-social-commerce/reports/change-history-view.md","View the [!UICONTROL Change History] report","",""
"./help/search-social-commerce/recommendations/recommendation-support.md","About publisher recommendations and insights support","",""
"./help/search-social-commerce/recommendations/recommendation-view.md","View publisher recommendations and performance insights","",""
"./help/search-social-commerce/recommendations/google-recommendation-apply-dismiss.md","Apply or dismiss a [!DNL Google Ads] recommendation","",""
"./help/search-social-commerce/recommendations/google-recommendation-view-log.md","View the recommendations log for a [!DNL Google Ads] account","",""
"./help/search-social-commerce/recommendations/recommendation-best-practices.md","Best practices for using publisher recommendations and insights with portfolios","",""
"./help/search-social-commerce/tools/password-change.md","Change your password","",""
"./help/search-social-commerce/tools/tracking-tools-about.md","About the tools to create and decode tracking tags","",""
"./help/search-social-commerce/tools/click-tracking-url-generate.md","Generate a click-tracking URL","",""
"./help/search-social-commerce/tools/click-tracking-url-decode.md","Decode a click-tracking URL","",""
"./help/search-social-commerce/tools/conversion-tag-generate.md","Generate an Adobe Advertising conversion-tracking tag","",""
"./help/search-social-commerce/tools/conversion-metrics-upload-to-google.md","Upload conversion metrics to [!DNL Google Ads]","",""
"./help/search-social-commerce/tools/objective-upload-to-networks.md","Enable uploading of objectives to ad networks","",""
"./help/search-social-commerce/tools/metrics-upload-tracking-campaigns/naver-tracking-campaigns-upload-metrics.md","Upload traffic and conversion metrics for [!DNL Naver] tracking-only accounts","",""
"./help/search-social-commerce/tools/metrics-upload-tracking-campaigns/naver-tracking-campaigns-data-requirements.md","Data requirements for traffic and conversion metrics for [!DNL Naver] tracking-only accounts","",""
"./help/search-social-commerce/tools/sync-inventory.md","Enable additional inventory synchronization","",""
"./help/search-social-commerce/tools/google-campaign-replication-in-microsoft.md","Replicate [!DNL Google Ads] campaigns in [!DNL Microsoft® Advertising]","",""
"./help/search-social-commerce/admin/role-about.md","About roles","",""
"./help/search-social-commerce/admin/manager-accounts.md","Manage credentials for ad network manager accounts","",""
"./help/search-social-commerce/admin/sync-adobe-audiences.md","Sync [!DNL Adobe] audiences","",""
"./help/search-social-commerce/admin/data-sources/data-source-about.md","About syncing [!DNL Google Analytics] conversion metrics","","User, Admin"
"./help/search-social-commerce/admin/data-sources/data-source-prerequisites.md","Prerequisites for configuring a [!DNL Google Analytics] data source","","User, Admin"
"./help/search-social-commerce/admin/data-sources/data-source-configure.md","Configure a [!DNL Google Analytics] view as a data source","","User, Admin"
"./help/search-social-commerce/admin/data-sources/data-source-edit.md","Edit a [!DNL Google Analytics] data source","","User, Admin"
"./help/search-social-commerce/admin/data-sources/data-source-pause.md","Pause syncing of a data source","","User, Admin"
"./help/search-social-commerce/admin/data-sources/data-source-reauthenticate.md","Reauthenticate a [!DNL Google Analytics] data source","","User, Admin"
"./help/search-social-commerce/admin/data-sources/data-source-settings.md","'[!DNL Google Analytics] data source settings'","","User, Admin"
"./help/search-social-commerce/admin/data-sources/data-source-ga-metrics.md","Available [!DNL Google Analytics] metrics","","User, Admin"
"./help/search-social-commerce/admin/transaction-properties/transaction-property-about.md","About managing an advertiser's transaction properties","",""
"./help/search-social-commerce/admin/transaction-properties/transaction-property-view-tracked.md","View the transaction properties tracked for an advertiser","",""
"./help/search-social-commerce/admin/transaction-properties/transaction-property-edit-available.md","Change the transaction properties available in management views and reports","",""
"./help/search-social-commerce/admin/transaction-properties/transaction-property-edit-display-name.md","Change the display name for a transaction property","",""
"help/search-social-commerce/get-help.md","Get help","",""
"help/search-social-commerce/glossary.md","Glossary","",""
